{
    "D": 125,
    "M": 5,
    "P": 4,
    "Beta_Gaussian": 0.3293967060329397,
    "Beta_AR1": 0.0027399726002739974,
    "Trace_Gaussian": 0.007352542497704567,
    "Trace_AR1": 0.00038446245821434653,
    "ProbThresholds": [
        1.0,
        3.1622776601683795,
        10.0,
        31.622776601683793,
        100.0
    ]
}